id;name;image_url;status;created_at
1;mobile Fish;Home Loan Account Table Computer;RESERVED;2019-10-21T18:23:40
2;Metal deposit;Producer;AVAILABLE;2019-10-21T11:35:02
3;Home Loan Account;web-readiness;UNAVAILABLE;2019-10-21T16:48:24
4;Gorgeous Frozen Pants;Common;UNAVAILABLE;2019-10-21T15:12:04
5;HDD;Table Small Frozen Sausages Planner;AVAILABLE;2019-10-21T20:37:07
6;Bahamian Dollar Investment Account;Games Regional Digitized;AVAILABLE;2019-10-21T21:24:46
7;Georgia Industrial;connect Markets Chief;UNAVAILABLE;2019-10-21T12:42:46
8;Aruba;software scale interactive;AVAILABLE;2019-10-21T19:46:46
9;scalable;Small;AVAILABLE;2019-10-22T02:03:55
10;magenta monitor 1080p;Unbranded Plastic Tuna Frozen;UNAVAILABLE;2019-10-21T17:30:13
